Workbook

Sheet Dataset
A1: ID Telur | B1: Berat (Gram) | C1: Diameter (Cm) | D1: Kondisi Cangkang | E1: Warna Cangkang | F1: Kualitas (Label)
A2: TLR-20260421-001 | B2: 62.5 | C2: 4.3 | D2: Normal | E2: Cokelat Tua | F2: Layak Jual
A3: TLR-20260421-002 | B3: 64.0 | C3: 4.5 | D3: Normal | E3: Cokelat Tua | F3: Layak Jual
A4: TLR-20260421-003 | B4: 58.0 | C4: 4.1 | D4: Normal | E4: Cokelat Tua | F4: Layak Jual
A5: TLR-20260421-004 | B5: 60.2 | C5: 4.2 | D5: Normal | E5: Cokelat Muda | F5: Layak Jual
A6: TLR-20260421-005 | B6: 61.5 | C6: 4.3 | D6: Normal | E6: Cokelat Tua | F6: Layak Jual
A7: TLR-20260421-006 | B7: 59.0 | C7: 4.0 | D7: Normal | E7: Cokelat Muda | F7: Layak Jual
A8: TLR-20260421-007 | B8: 63.1 | C8: 4.4 | D8: Normal | E8: Cokelat Tua | F8: Layak Jual
A9: TLR-20260421-008 | B9: 65.2 | C9: 4.6 | D9: Normal | E9: Cokelat Tua | F9: Layak Jual
A10: TLR-20260421-009 | B10: 57.5 | C10: 4.1 | D10: Normal | E10: Cokelat Muda | F10: Layak Jual
A11: TLR-20260421-010 | B11: 56.0 | C11: 3.9 | D11: Normal | E11: Cokelat Muda | F11: Layak Jual
A12: TLR-20260421-011 | B12: 60.0 | C12: 4.2 | D12: Normal | E12: Cokelat Tua | F12: Layak Jual
... A21: TLR-20260421-020 | B21: 50.2 | C21: 3.7 | D21: Retak | E21: Cokelat Tua | F21: Tidak Layak Jual

Sheet Entropy Awal
A1: Column1 | B1: Column2 | C1: Column3
A2: kelas | B2: jumlah | C2: proporsi
A3: Layak Jual | B3: 14 | C3: =Table1[[#This Row],[Column2]]/B5 -> 0.7
A4: Tidak Layak Jual | B4: 6 | C4: =Table1[[#This Row],[Column2]]/B5 -> 0.3
A5: Jumlah | B5: 20 | C5: =SUM(C3:C4) -> 1
A6: Entropy | C6: =-(C3*LOG(C3,2)+C4*LOG(C4,2)) -> 0.8812909

Sheet Threshold Berat + Gain
A1: No | B1: Nilai Berat | C1: Nilai Berikutnya | D1: Threshold | E1: Jumlah ≤ | F1: Layak Jual ≤ | G1: Tidak Layak Jual ≤ | H1: Label | I1: Layak Jual > | J1: Tidak Layak Jual > | K1: jumlah > | L1: Entropy ≤ | M1: Entropy > | N1: Entropy Tertimbang | O1: Gain
A2: 1 | B2: 45.2 | C2: =B3 -> 46.8 | D2: =(B2+C2)/2 -> 46 | E2: =COUNTIF($B$2:$B$21,"<="&D2) -> 1 | F2: =COUNTIFS($B$2:$B$21,"<="&D2,$H$2:$H$21,"Layak Jual") -> 0 | G2: =COUNTIFS($B$2:$B$21,"<="&D2,$H$2:$H$21,"Tidak Layak Jual") -> 1 | H2: Tidak Layak Jual | I2: =14-F2 -> 14 | J2: =6-G2 -> 5 | K2: =20-E2 -> 19 | L2: =IF(E2=0,0,IF(F2=0,0,-F2/E2*LOG(F2/E2,2))+IF(G2=0,0,-G2/E2*LOG(G2/E2,2))) -> 0 | M2: =IF(K2=0,0,IF(I2=0,0,-I2/K2*LOG(I2/K2,2))+IF(J2=0,0,-J2/K2*LOG(J2/K2,2))) -> 0.83147439 | N2: =(E2/20)*L2+(K2/20)*M2 -> 0.78990067 | O2: =0.881290899-N2 -> 0.09139023
A3: 2 | B3: 46.8 | C3: =B4 -> 48 | D3: =(B3+C3)/2 -> 47.4 | E3: =COUNTIF($B$2:$B$21,"<="&D3) -> 2 | F3: =COUNTIFS($B$2:$B$21,"<="&D3,$H$2:$H$21,"Layak Jual") -> 0 | G3: =COUNTIFS($B$2:$B$21,"<="&D3,$H$2:$H$21,"Tidak Layak Jual") -> 2 | H3: Tidak Layak Jual | I3: =14-F3 -> 14 | J3: =6-G3 -> 4 | K3: =20-E3 -> 18 | L3: =IF(E3=0,0,IF(F3=0,0,-F3/E3*LOG(F3/E3,2))+IF(G3=0,0,-G3/E3*LOG(G3/E3,2))) -> 0 | M3: =IF(K3=0,0,IF(I3=0,0,-I3/K3*LOG(I3/K3,2))+IF(J3=0,0,-J3/K3*LOG(J3/K3,2))) -> 0.76420451 | N3: =(E3/20)*L3+(K3/20)*M3 -> 0.68778406 | O3: =0.881290899-N3 -> 0.19350684
A4: 3 | B4: 48 | C4: =B5 -> 49.5 | D4: =(B4+C4)/2 -> 48.75 | E4: =COUNTIF($B$2:$B$21,"<="&D4) -> 3 | F4: =COUNTIFS($B$2:$B$21,"<="&D4,$H$2:$H$21,"Layak Jual") -> 0 | G4: =COUNTIFS($B$2:$B$21,"<="&D4,$H$2:$H$21,"Tidak Layak Jual") -> 3 | H4: Tidak Layak Jual | I4: =14-F4 -> 14 | J4: =6-G4 -> 3 | K4: =20-E4 -> 17 | L4: =IF(E4=0,0,IF(F4=0,0,-F4/E4*LOG(F4/E4,2))+IF(G4=0,0,-G4/E4*LOG(G4/E4,2))) -> 0 | M4: =IF(K4=0,0,IF(I4=0,0,-I4/K4*LOG(I4/K4,2))+IF(J4=0,0,-J4/K4*LOG(J4/K4,2))) -> 0.67229482 | N4: =(E4/20)*L4+(K4/20)*M4 -> 0.57145059 | O4: =0.881290899-N4 -> 0.3098403
A5: 4 | B5: 49.5 | C5: =B6 -> 50.2 | D5: =(B5+C5)/2 -> 49.85 | E5: =COUNTIF($B$2:$B$21,"<="&D5) -> 4 | F5: =COUNTIFS($B$2:$B$21,"<="&D5,$H$2:$H$21,"Layak Jual") -> 0 | G5: =COUNTIFS($B$2:$B$21,"<="&D5,$H$2:$H$21,"Tidak Layak Jual") -> 4 | H5: Tidak Layak Jual | I5: =14-F5 -> 14 | J5: =6-G5 -> 2 | K5: =20-E5 -> 16 | L5: =IF(E5=0,0,IF(F5=0,0,-F5/E5*LOG(F5/E5,2))+IF(G5=0,0,-G5/E5*LOG(G5/E5,2))) -> 0 | M5: =IF(K5=0,0,IF(I5=0,0,-I5/K5*LOG(I5/K5,2))+IF(J5=0,0,-J5/K5*LOG(J5/K5,2))) -> 0.54356444 | N5: =(E5/20)*L5+(K5/20)*M5 -> 0.43485155 | O5: =0.881290899-N5 -> 0.44643934
A6: 5 | B6: 50.2 | C6: =B7 -> 51 | D6: =(B6+C6)/2 -> 50.6 | E6: =COUNTIF($B$2:$B$21,"<="&D6) -> 5 | F6: =COUNTIFS($B$2:$B$21,"<="&D6,$H$2:$H$21,"Layak Jual") -> 0 | G6: =COUNTIFS($B$2:$B$21,"<="&D6,$H$2:$H$21,"Tidak Layak Jual") -> 5 | H6: Tidak Layak Jual | I6: =14-F6 -> 14 | J6: =6-G6 -> 1 | K6: =20-E6 -> 15 | L6: =IF(E6=0,0,IF(F6=0,0,-F6/E6*LOG(F6/E6,2))+IF(G6=0,0,-G6/E6*LOG(G6/E6,2))) -> 0 | M6: =IF(K6=0,0,IF(I6=0,0,-I6/K6*LOG(I6/K6,2))+IF(J6=0,0,-J6/K6*LOG(J6/K6,2))) -> 0.35335934 | N6: =(E6/20)*L6+(K6/20)*M6 -> 0.2650195 | O6: =0.881290899-N6 -> 0.6162714
A7: 6 | B7: 51 | C7: =B8 -> 55 | D7: =(B7+C7)/2 -> 53 | E7: =COUNTIF($B$2:$B$21,"<="&D7) -> 6 | F7: =COUNTIFS($B$2:$B$21,"<="&D7,$H$2:$H$21,"Layak Jual") -> 0 | G7: =COUNTIFS($B$2:$B$21,"<="&D7,$H$2:$H$21,"Tidak Layak Jual") -> 6 | H7: Tidak Layak Jual | I7: =COUNTIFS($B$2:$B$21,">"&D7,$H$2:$H$21,"Layak Jual") -> 14 | J7: =COUNTIFS($B$2:$B$21,">"&D7,$H$2:$H$21,"Tidak Layak Jual") -> 0 | K7: =COUNTIF($B$2:$B$21,">"&D7) -> 14 | L7: =IF(E7=0,0,IF(F7=0,0,-F7/E7*LOG(F7/E7,2))+IF(G7=0,0,-G7/E7*LOG(G7/E7,2))) -> 0 | M7: =IF(K7=0,0,IF(I7=0,0,-I7/K7*LOG(I7/K7,2))+IF(J7=0,0,-J7/K7*LOG(J7/K7,2))) -> 0 | N7: =(E7/20)*L7+(K7/20)*M7 -> 0 | O7: =0.881290899-N7 -> 0.8812909
A8: 7 | B8: 55 | C8: =B9 -> 56 | D8: =(B8+C8)/2 -> 55.5 | E8: =COUNTIF($B$2:$B$21,"<="&D8) -> 7 | F8: =COUNTIFS($B$2:$B$21,"<="&D8,$H$2:$H$21,"Layak Jual") -> 1 | G8: =COUNTIFS($B$2:$B$21,"<="&D8,$H$2:$H$21,"Tidak Layak Jual") -> 6 | H8: Layak Jual | I8: =14-F8 -> 13 | J8: =6-G8 -> 0 | K8: =20-E8 -> 13 | L8: =IF(E8=0,0,IF(F8=0,0,-F8/E8*LOG(F8/E8,2))+IF(G8=0,0,-G8/E8*LOG(G8/E8,2))) -> 0.59167278 | M8: =IF(K8=0,0,IF(I8=0,0,-I8/K8*LOG(I8/K8,2))+IF(J8=0,0,-J8/K8*LOG(J8/K8,2))) -> 0 | N8: =(E8/20)*L8+(K8/20)*M8 -> 0.20708547 | O8: =0.881290899-N8 -> 0.67420543
A9: 8 | B9: 56 | C9: =B10 -> 56.2 | D9: =(B9+C9)/2 -> 56.1 | E9: =COUNTIF($B$2:$B$21,"<="&D9) -> 8 | F9: =COUNTIFS($B$2:$B$21,"<="&D9,$H$2:$H$21,"Layak Jual") -> 2 | G9: =COUNTIFS($B$2:$B$21,"<="&D9,$H$2:$H$21,"Tidak Layak Jual") -> 6 | H9: Layak Jual | I9: =14-F9 -> 12 | J9: =6-G9 -> 0 | K9: =20-E9 -> 12 | L9: =IF(E9=0,0,IF(F9=0,0,-F9/E9*LOG(F9/E9,2))+IF(G9=0,0,-G9/E9*LOG(G9/E9,2))) -> 0.81127812 | M9: =IF(K9=0,0,IF(I9=0,0,-I9/K9*LOG(I9/K9,2))+IF(J9=0,0,-J9/K9*LOG(J9/K9,2))) -> 0 | N9: =(E9/20)*L9+(K9/20)*M9 -> 0.32451125 | O9: =0.881290899-N9 -> 0.55677965
A10: 9 | B10: 56.2 | C10: =B11 -> 57.5 | D10: =(B10+C10)/2 -> 56.85 | E10: =COUNTIF($B$2:$B$21,"<="&D10) -> 9 | F10: =COUNTIFS($B$2:$B$21,"<="&D10,$H$2:$H$21,"Layak Jual") -> 3 | G10: =COUNTIFS($B$2:$B$21,"<="&D10,$H$2:$H$21,"Tidak Layak Jual") -> 6 | H10: Layak Jual | I10: =14-F10 -> 11 | J10: =6-G10 -> 0 | K10: =20-E10 -> 11 | L10: =IF(E10=0,0,IF(F10=0,0,-F10/E10*LOG(F10/E10,2))+IF(G10=0,0,-G10/E10*LOG(G10/E10,2))) -> 0.91829583 | M10: =IF(K10=0,0,IF(I10=0,0,-I10/K10*LOG(I10/K10,2))+IF(J10=0,0,-J10/K10*LOG(J10/K10,2))) -> 0 | N10: =(E10/20)*L10+(K10/20)*M10 -> 0.41323313 | O10: =0.881290899-N10 -> 0.46805777
A11: 10 | B11: 57.5 | C11: =B12 -> 58 | D11: =(B11+C11)/2 -> 57.75 | E11: =COUNTIF($B$2:$B$21,"<="&D11) -> 10 | F11: =COUNTIFS($B$2:$B$21,"<="&D11,$H$2:$H$21,"Layak Jual") -> 4 | G11: =COUNTIFS($B$2:$B$21,"<="&D11,$H$2:$H$21,"Tidak Layak Jual") -> 6 | H11: Layak Jual | I11: =14-F11 -> 10 | J11: =6-G11 -> 0 | K11: =20-E11 -> 10 | L11: =IF(E11=0,0,IF(F11=0,0,-F11/E11*LOG(F11/E11,2))+IF(G11=0,0,-G11/E11*LOG(G11/E11,2))) -> 0.97095059 | M11: =IF(K11=0,0,IF(I11=0,0,-I11/K11*LOG(I11/K11,2))+IF(J11=0,0,-J11/K11*LOG(J11/K11,2))) -> 0 | N11: =(E11/20)*L11+(K11/20)*M11 -> 0.4854753 | O11: =0.881290899-N11 -> 0.3958156
A12: 11 | B12: 58 | C12: =B13 -> 58.5 | D12: =(B12+C12)/2 -> 58.25 | E12: =COUNTIF($B$2:$B$21,"<="&D12) -> 11 | F12: =COUNTIFS($B$2:$B$21,"<="&D12,$H$2:$H$21,"Layak Jual") -> 5 | G12: =COUNTIFS($B$2:$B$21,"<="&D12,$H$2:$H$21,"Tidak Layak Jual") -> 6 | H12: Layak Jual | I12: =14-F12 -> 9 | J12: =6-G12 -> 0 | K12: =20-E12 -> 9 | L12: =IF(E12=0,0,IF(F12=0,0,-F12/E12*LOG(F12/E12,2))+IF(G12=0,0,-G12/E12*LOG(G12/E12,2))) -> 0.99403021 | M12: =IF(K12=0,0,IF(I12=0,0,-I12/K12*LOG(I12/K12,2))+IF(J12=0,0,-J12/K12*LOG(J12/K12,2))) -> 0 | N12: =(E12/20)*L12+(K12/20)*M12 -> 0.54671662 | O12: =0.881290899-N12 -> 0.33457428
A13: 12 | B13: 58.5 | C13: =B14 -> 59 | D13: =(B13+C13)/2 -> 58.75 | E13: =COUNTIF($B$2:$B$21,"<="&D13) -> 12 | F13: =COUNTIFS($B$2:$B$21,"<="&D13,$H$2:$H$21,"Layak Jual") -> 6 | G13: =COUNTIFS($B$2:$B$21,"<="&D13,$H$2:$H$21,"Tidak Layak Jual") -> 6 | H13: Layak Jual | I13: =14-F13 -> 8 | J13: =6-G13 -> 0 | K13: =20-E13 -> 8 | L13: =IF(E13=0,0,IF(F13=0,0,-F13/E13*LOG(F13/E13,2))+IF(G13=0,0,-G13/E13*LOG(G13/E13,2))) -> 1 | M13: =IF(K13=0,0,IF(I13=0,0,-I13/K13*LOG(I13/K13,2))+IF(J13=0,0,-J13/K13*LOG(J13/K13,2))) -> 0 | N13: =(E13/20)*L13+(K13/20)*M13 -> 0.6 | O13: =0.881290899-N13 -> 0.2812909
A14: 13 | B14: 59 | C14: =B15 -> 60 | D14: =(B14+C14)/2 -> 59.5 | E14: =COUNTIF($B$2:$B$21,"<="&D14) -> 13 | F14: =COUNTIFS($B$2:$B$21,"<="&D14,$H$2:$H$21,"Layak Jual") -> 7 | G14: =COUNTIFS($B$2:$B$21,"<="&D14,$H$2:$H$21,"Tidak Layak Jual") -> 6 | H14: Layak Jual | I14: =14-F14 -> 7 | J14: =6-G14 -> 0 | K14: =20-E14 -> 7 | L14: =IF(E14=0,0,IF(F14=0,0,-F14/E14*LOG(F14/E14,2))+IF(G14=0,0,-G14/E14*LOG(G14/E14,2))) -> 0.99572745 | M14: =IF(K14=0,0,IF(I14=0,0,-I14/K14*LOG(I14/K14,2))+IF(J14=0,0,-J14/K14*LOG(J14/K14,2))) -> 0 | N14: =(E14/20)*L14+(K14/20)*M14 -> 0.64722284 | O14: =0.881290899-N14 -> 0.23406806
A15: 14 | B15: 60 | C15: =B16 -> 60.2 | D15: =(B15+C15)/2 -> 60.1 | E15: =COUNTIF($B$2:$B$21,"<="&D15) -> 14 | F15: =COUNTIFS($B$2:$B$21,"<="&D15,$H$2:$H$21,"Layak Jual") -> 8 | G15: =COUNTIFS($B$2:$B$21,"<="&D15,$H$2:$H$21,"Tidak Layak Jual") -> 6 | H15: Layak Jual | I15: =14-F15 -> 6 | J15: =6-G15 -> 0 | K15: =20-E15 -> 6 | L15: =IF(E15=0,0,IF(F15=0,0,-F15/E15*LOG(F15/E15,2))+IF(G15=0,0,-G15/E15*LOG(G15/E15,2))) -> 0.98522814 | M15: =IF(K15=0,0,IF(I15=0,0,-I15/K15*LOG(I15/K15,2))+IF(J15=0,0,-J15/K15*LOG(J15/K15,2))) -> 0 | N15: =(E15/20)*L15+(K15/20)*M15 -> 0.6896597 | O15: =0.881290899-N15 -> 0.1916312
A16: 15 | B16: 60.2 | C16: =B17 -> 61.5 | D16: =(B16+C16)/2 -> 60.85 | E16: =COUNTIF($B$2:$B$21,"<="&D16) -> 15 | F16: =COUNTIFS($B$2:$B$21,"<="&D16,$H$2:$H$21,"Layak Jual") -> 9 | G16: =COUNTIFS($B$2:$B$21,"<="&D16,$H$2:$H$21,"Tidak Layak Jual") -> 6 | H16: Layak Jual | I16: =14-F16 -> 5 | J16: =6-G16 -> 0 | K16: =20-E16 -> 5 | L16: =IF(E16=0,0,IF(F16=0,0,-F16/E16*LOG(F16/E16,2))+IF(G16=0,0,-G16/E16*LOG(G16/E16,2))) -> 0.97095059 | M16: =IF(K16=0,0,IF(I16=0,0,-I16/K16*LOG(I16/K16,2))+IF(J16=0,0,-J16/K16*LOG(J16/K16,2))) -> 0 | N16: =(E16/20)*L16+(K16/20)*M16 -> 0.72821295 | O16: =0.881290899-N16 -> 0.15307795
A17: 16 | B17: 61.5 | C17: =B18 -> 62.5 | D17: =(B17+C17)/2 -> 62 | E17: =COUNTIF($B$2:$B$21,"<="&D17) -> 16 | F17: =COUNTIFS($B$2:$B$21,"<="&D17,$H$2:$H$21,"Layak Jual") -> 10 | G17: =COUNTIFS($B$2:$B$21,"<="&D17,$H$2:$H$21,"Tidak Layak Jual") -> 6 | H17: Layak Jual | I17: =14-F17 -> 4 | J17: =6-G17 -> 0 | K17: =20-E17 -> 4 | L17: =IF(E17=0,0,IF(F17=0,0,-F17/E17*LOG(F17/E17,2))+IF(G17=0,0,-G17/E17*LOG(G17/E17,2))) -> 0.954434 | M17: =IF(K17=0,0,IF(I17=0,0,-I17/K17*LOG(I17/K17,2))+IF(J17=0,0,-J17/K17*LOG(J17/K17,2))) -> 0 | N17: =(E17/20)*L17+(K17/20)*M17 -> 0.7635472 | O17: =0.881290899-N17 -> 0.1177437
A18: 17 | B18: 62.5 | C18: =B19 -> 63.1 | D18: =(B18+C18)/2 -> 62.8 | E18: =COUNTIF($B$2:$B$21,"<="&D18) -> 17 | F18: =COUNTIFS($B$2:$B$21,"<="&D18,$H$2:$H$21,"Layak Jual") -> 11 | G18: =COUNTIFS($B$2:$B$21,"<="&D18,$H$2:$H$21,"Tidak Layak Jual") -> 6 | H18: Layak Jual | I18: =14-F18 -> 3 | J18: =6-G18 -> 0 | K18: =20-E18 -> 3 | L18: =IF(E18=0,0,IF(F18=0,0,-F18/E18*LOG(F18/E18,2))+IF(G18=0,0,-G18/E18*LOG(G18/E18,2))) -> 0.93666738 | M18: =IF(K18=0,0,IF(I18=0,0,-I18/K18*LOG(I18/K18,2))+IF(J18=0,0,-J18/K18*LOG(J18/K18,2))) -> 0 | N18: =(E18/20)*L18+(K18/20)*M18 -> 0.79616727 | O18: =0.881290899-N18 -> 0.085123624
A19: 18 | B19: 63.1 | C19: =B20 -> 64 | D19: =(B19+C19)/2 -> 63.55 | E19: =COUNTIF($B$2:$B$21,"<="&D19) -> 18 | F19: =COUNTIFS($B$2:$B$21,"<="&D19,$H$2:$H$21,"Layak Jual") -> 12 | G19: =COUNTIFS($B$2:$B$21,"<="&D19,$H$2:$H$21,"Tidak Layak Jual") -> 6 | H19: Layak Jual | I19: =14-F19 -> 2 | J19: =6-G19 -> 0 | K19: =20-E19 -> 2 | L19: =IF(E19=0,0,IF(F19=0,0,-F19/E19*LOG(F19/E19,2))+IF(G19=0,0,-G19/E19*LOG(G19/E19,2))) -> 0.91829583 | M19: =IF(K19=0,0,IF(I19=0,0,-I19/K19*LOG(I19/K19,2))+IF(J19=0,0,-J19/K19*LOG(J19/K19,2))) -> 0 | N19: =(E19/20)*L19+(K19/20)*M19 -> 0.82646625 | O19: =0.881290899-N19 -> 0.054824648
A20: 19 | B20: 64 | C20: =B21 -> 65.2 | D20: =(B20+C20)/2 -> 64.6 | E20: =COUNTIF($B$2:$B$21,"<="&D20) -> 19 | F20: =COUNTIFS($B$2:$B$21,"<="&D20,$H$2:$H$21,"Layak Jual") -> 13 | G20: =COUNTIFS($B$2:$B$21,"<="&D20,$H$2:$H$21,"Tidak Layak Jual") -> 6 | H20: Layak Jual | I20: =14-F20 -> 1 | J20: =6-G20 -> 0 | K20: =20-E20 -> 1 | L20: =IF(E20=0,0,IF(F20=0,0,-F20/E20*LOG(F20/E20,2))+IF(G20=0,0,-G20/E20*LOG(G20/E20,2))) -> 0.89974376 | M20: =IF(K20=0,0,IF(I20=0,0,-I20/K20*LOG(I20/K20,2))+IF(J20=0,0,-J20/K20*LOG(J20/K20,2))) -> 0 | N20: =(E20/20)*L20+(K20/20)*M20 -> 0.85475657 | O20: =0.881290899-N20 -> 0.026534328
A21: 20 | B21: 65.2 | H21: Layak Jual

Sheet Threshold Diameter + gain
A1: No | B1: Nilai Diameter | C1: Nilai Berikutnya | D1: Threshold | E1: Jumlah ≤ | F1: Layak Jual ≤ | G1: Tidak Layak Jual ≤ | H1: Label | I1: Layak Jual > | J1: Tidak Layak Jual > | K1: Jumlah > | L1: Entropy ≤ | M1: Entropy > | N1: Entropy Tertimbang | O1: Gain
A2: =ROW()-1 -> 1 | B2: 3.5 | C2: =B3 -> 3.5 | D2: =(B2+C2)/2 -> 3.5 | E2: =COUNTIF($B$2:$B$21,"<="&D2) -> 2 | F2: =COUNTIFS($B$2:$B$21,"<="&D2,$H$2:$H$21,"Layak Jual") -> 0 | G2: =COUNTIFS($B$2:$B$21,"<="&D2,$H$2:$H$21,"Tidak Layak Jual") -> 2 | H2: Tidak Layak Jual | I2: =14-F2 -> 14 | J2: =6-G2 -> 4 | K2: =20-E2 -> 18 | L2: =IF(E2=0,0,IF(F2=0,0,-F2/E2*LOG(F2/E2,2))+IF(G2=0,0,-G2/E2*LOG(G2/E2,2))) -> 0 | M2: =IF(K2=0,0,IF(I2=0,0,-I2/K2*LOG(I2/K2,2))+IF(J2=0,0,-J2/K2*LOG(J2/K2,2))) -> 0.76420451 | N2: =(E2/20)*L2+(K2/20)*M2 -> 0.68778406 | O2: =0.881290899-N2 -> 0.19350684
A3: =ROW()-1 -> 2 | B3: 3.5 | C3: =B4 -> 3.6 | D3: =(B3+C3)/2 -> 3.55 | E3: =COUNTIF($B$2:$B$21,"<="&D3) -> 2 | F3: =COUNTIFS($B$2:$B$21,"<="&D3,$H$2:$H$21,"Layak Jual") -> 0 | G3: =COUNTIFS($B$2:$B$21,"<="&D3,$H$2:$H$21,"Tidak Layak Jual") -> 2 | H3: Tidak Layak Jual | I3: =14-F3 -> 14 | J3: =6-G3 -> 4 | K3: =20-E3 -> 18 | L3: =IF(E3=0,0,IF(F3=0,0,-F3/E3*LOG(F3/E3,2))+IF(G3=0,0,-G3/E3*LOG(G3/E3,2))) -> 0 | M3: =IF(K3=0,0,IF(I3=0,0,-I3/K3*LOG(I3/K3,2))+IF(J3=0,0,-J3/K3*LOG(J3/K3,2))) -> 0.76420451 | N3: =(E3/20)*L3+(K3/20)*M3 -> 0.68778406 | O3: =0.881290899-N3 -> 0.19350684
A4: =ROW()-1 -> 3 | B4: 3.6 | C4: =B5 -> 3.7 | D4: =(B4+C4)/2 -> 3.65 | E4: =COUNTIF($B$2:$B$21,"<="&D4) -> 3 | F4: =COUNTIFS($B$2:$B$21,"<="&D4,$H$2:$H$21,"Layak Jual") -> 0 | G4: =COUNTIFS($B$2:$B$21,"<="&D4,$H$2:$H$21,"Tidak Layak Jual") -> 3 | H4: Tidak Layak Jual | I4: =14-F4 -> 14 | J4: =6-G4 -> 3 | K4: =20-E4 -> 17 | L4: =IF(E4=0,0,IF(F4=0,0,-F4/E4*LOG(F4/E4,2))+IF(G4=0,0,-G4/E4*LOG(G4/E4,2))) -> 0 | M4: =IF(K4=0,0,IF(I4=0,0,-I4/K4*LOG(I4/K4,2))+IF(J4=0,0,-J4/K4*LOG(J4/K4,2))) -> 0.67229482 | N4: =(E4/20)*L4+(K4/20)*M4 -> 0.57145059 | O4: =0.881290899-N4 -> 0.3098403
A5: =ROW()-1 -> 4 | B5: 3.7 | C5: =B6 -> 3.7 | D5: =(B5+C5)/2 -> 3.7 | E5: =COUNTIF($B$2:$B$21,"<="&D5) -> 5 | F5: =COUNTIFS($B$2:$B$21,"<="&D5,$H$2:$H$21,"Layak Jual") -> 0 | G5: =COUNTIFS($B$2:$B$21,"<="&D5,$H$2:$H$21,"Tidak Layak Jual") -> 5 | H5: Tidak Layak Jual | I5: =14-F5 -> 14 | J5: =6-G5 -> 1 | K5: =20-E5 -> 15 | L5: =IF(E5=0,0,IF(F5=0,0,-F5/E5*LOG(F5/E5,2))+IF(G5=0,0,-G5/E5*LOG(G5/E5,2))) -> 0 | M5: =IF(K5=0,0,IF(I5=0,0,-I5/K5*LOG(I5/K5,2))+IF(J5=0,0,-J5/K5*LOG(J5/K5,2))) -> 0.35335934 | N5: =(E5/20)*L5+(K5/20)*M5 -> 0.2650195 | O5: =0.881290899-N5 -> 0.6162714
A6: =ROW()-1 -> 5 | B6: 3.7 | C6: =B7 -> 3.8 | D6: =(B6+C6)/2 -> 3.75 | E6: =COUNTIF($B$2:$B$21,"<="&D6) -> 5 | F6: =COUNTIFS($B$2:$B$21,"<="&D6,$H$2:$H$21,"Layak Jual") -> 0 | G6: =COUNTIFS($B$2:$B$21,"<="&D6,$H$2:$H$21,"Tidak Layak Jual") -> 5 | H6: Tidak Layak Jual | I6: =14-F6 -> 14 | J6: =6-G6 -> 1 | K6: =20-E6 -> 15 | L6: =IF(E6=0,0,IF(F6=0,0,-F6/E6*LOG(F6/E6,2))+IF(G6=0,0,-G6/E6*LOG(G6/E6,2))) -> 0 | M6: =IF(K6=0,0,IF(I6=0,0,-I6/K6*LOG(I6/K6,2))+IF(J6=0,0,-J6/K6*LOG(J6/K6,2))) -> 0.35335934 | N6: =(E6/20)*L6+(K6/20)*M6 -> 0.2650195 | O6: =0.881290899-N6 -> 0.6162714
A7: =ROW()-1 -> 6 | B7: 3.8 | C7: =B8 -> 3.8 | D7: =(B7+C7)/2 -> 3.8 | E7: =COUNTIF($B$2:$B$21,"<="&D7) -> 7 | F7: =COUNTIFS($B$2:$B$21,"<="&D7,$H$2:$H$21,"Layak Jual") -> 1 | G7: =COUNTIFS($B$2:$B$21,"<="&D7,$H$2:$H$21,"Tidak Layak Jual") -> 6 | H7: Layak Jual | I7: =14-F7 -> 13 | J7: =6-G7 -> 0 | K7: =20-E7 -> 13 | L7: =IF(E7=0,0,IF(F7=0,0,-F7/E7*LOG(F7/E7,2))+IF(G7=0,0,-G7/E7*LOG(G7/E7,2))) -> 0.59167278 | M7: =IF(K7=0,0,IF(I7=0,0,-I7/K7*LOG(I7/K7,2))+IF(J7=0,0,-J7/K7*LOG(J7/K7,2))) -> 0 | N7: =(E7/20)*L7+(K7/20)*M7 -> 0.20708547 | O7: =0.881290899-N7 -> 0.67420543
A8: =ROW()-1 -> 7 | B8: 3.8 | C8: =B9 -> 3.9 | D8: =(B8+C8)/2 -> 3.85 | E8: =COUNTIF($B$2:$B$21,"<="&D8) -> 7 | F8: =COUNTIFS($B$2:$B$21,"<="&D8,$H$2:$H$21,"Layak Jual") -> 1 | G8: =COUNTIFS($B$2:$B$21,"<="&D8,$H$2:$H$21,"Tidak Layak Jual") -> 6 | H8: Tidak Layak Jual | I8: =14-F8 -> 13 | J8: =6-G8 -> 0 | K8: =20-E8 -> 13 | L8: =IF(E8=0,0,IF(F8=0,0,-F8/E8*LOG(F8/E8,2))+IF(G8=0,0,-G8/E8*LOG(G8/E8,2))) -> 0.59167278 | M8: =IF(K8=0,0,IF(I8=0,0,-I8/K8*LOG(I8/K8,2))+IF(J8=0,0,-J8/K8*LOG(J8/K8,2))) -> 0 | N8: =(E8/20)*L8+(K8/20)*M8 -> 0.20708547 | O8: =0.881290899-N8 -> 0.67420543
A9: =ROW()-1 -> 8 | B9: 3.9 | C9: =B10 -> 3.9 | D9: =(B9+C9)/2 -> 3.9 | E9: =COUNTIF($B$2:$B$21,"<="&D9) -> 9 | F9: =COUNTIFS($B$2:$B$21,"<="&D9,$H$2:$H$21,"Layak Jual") -> 3 | G9: =COUNTIFS($B$2:$B$21,"<="&D9,$H$2:$H$21,"Tidak Layak Jual") -> 6 | H9: Layak Jual | I9: =14-F9 -> 11 | J9: =6-G9 -> 0 | K9: =20-E9 -> 11 | L9: =IF(E9=0,0,IF(F9=0,0,-F9/E9*LOG(F9/E9,2))+IF(G9=0,0,-G9/E9*LOG(G9/E9,2))) -> 0.91829583 | M9: =IF(K9=0,0,IF(I9=0,0,-I9/K9*LOG(I9/K9,2))+IF(J9=0,0,-J9/K9*LOG(J9/K9,2))) -> 0 | N9: =(E9/20)*L9+(K9/20)*M9 -> 0.41323313 | O9: =0.881290899-N9 -> 0.46805777
A10: =ROW()-1 -> 9 | B10: 3.9 | C10: =B11 -> 4 | D10: =(B10+C10)/2 -> 3.95 | E10: =COUNTIF($B$2:$B$21,"<="&D10) -> 9 | F10: =COUNTIFS($B$2:$B$21,"<="&D10,$H$2:$H$21,"Layak Jual") -> 3 | G10: =COUNTIFS($B$2:$B$21,"<="&D10,$H$2:$H$21,"Tidak Layak Jual") -> 6 | H10: Layak Jual | I10: =14-F10 -> 11 | J10: =6-G10 -> 0 | K10: =20-E10 -> 11 | L10: =IF(E10=0,0,IF(F10=0,0,-F10/E10*LOG(F10/E10,2))+IF(G10=0,0,-G10/E10*LOG(G10/E10,2))) -> 0.91829583 | M10: =IF(K10=0,0,IF(I10=0,0,-I10/K10*LOG(I10/K10,2))+IF(J10=0,0,-J10/K10*LOG(J10/K10,2))) -> 0 | N10: =(E10/20)*L10+(K10/20)*M10 -> 0.41323313 | O10: =0.881290899-N10 -> 0.46805777
A11: =ROW()-1 -> 10 | B11: 4 | C11: =B12 -> 4 | D11: =(B11+C11)/2 -> 4 | E11: =COUNTIF($B$2:$B$21,"<="&D11) -> 11 | F11: =COUNTIFS($B$2:$B$21,"<="&D11,$H$2:$H$21,"Layak Jual") -> 5 | G11: =COUNTIFS($B$2:$B$21,"<="&D11,$H$2:$H$21,"Tidak Layak Jual") -> 6 | H11: Layak Jual | I11: =14-F11 -> 9 | J11: =6-G11 -> 0 | K11: =20-E11 -> 9 | L11: =IF(E11=0,0,IF(F11=0,0,-F11/E11*LOG(F11/E11,2))+IF(G11=0,0,-G11/E11*LOG(G11/E11,2))) -> 0.99403021 | M11: =IF(K11=0,0,IF(I11=0,0,-I11/K11*LOG(I11/K11,2))+IF(J11=0,0,-J11/K11*LOG(J11/K11,2))) -> 0 | N11: =(E11/20)*L11+(K11/20)*M11 -> 0.54671662 | O11: =0.881290899-N11 -> 0.33457428
A12: =ROW()-1 -> 11 | B12: 4 | C12: =B13 -> 4.1 | D12: =(B12+C12)/2 -> 4.05 | E12: =COUNTIF($B$2:$B$21,"<="&D12) -> 11 | F12: =COUNTIFS($B$2:$B$21,"<="&D12,$H$2:$H$21,"Layak Jual") -> 5 | G12: =COUNTIFS($B$2:$B$21,"<="&D12,$H$2:$H$21,"Tidak Layak Jual") -> 6 | H12: Layak Jual | I12: =14-F12 -> 9 | J12: =6-G12 -> 0 | K12: =20-E12 -> 9 | L12: =IF(E12=0,0,IF(F12=0,0,-F12/E12*LOG(F12/E12,2))+IF(G12=0,0,-G12/E12*LOG(G12/E12,2))) -> 0.99403021 | M12: =IF(K12=0,0,IF(I12=0,0,-I12/K12*LOG(I12/K12,2))+IF(J12=0,0,-J12/K12*LOG(J12/K12,2))) -> 0 | N12: =(E12/20)*L12+(K12/20)*M12 -> 0.54671662 | O12: =0.881290899-N12 -> 0.33457428
A13: =ROW()-1 -> 12 | B13: 4.1 | C13: =B14 -> 4.1 | D13: =(B13+C13)/2 -> 4.1 | E13: =COUNTIF($B$2:$B$21,"<="&D13) -> 13 | F13: =COUNTIFS($B$2:$B$21,"<="&D13,$H$2:$H$21,"Layak Jual") -> 7 | G13: =COUNTIFS($B$2:$B$21,"<="&D13,$H$2:$H$21,"Tidak Layak Jual") -> 6 | H13: Layak Jual | I13: =14-F13 -> 7 | J13: =6-G13 -> 0 | K13: =20-E13 -> 7 | L13: =IF(E13=0,0,IF(F13=0,0,-F13/E13*LOG(F13/E13,2))+IF(G13=0,0,-G13/E13*LOG(G13/E13,2))) -> 0.99572745 | M13: =IF(K13=0,0,IF(I13=0,0,-I13/K13*LOG(I13/K13,2))+IF(J13=0,0,-J13/K13*LOG(J13/K13,2))) -> 0 | N13: =(E13/20)*L13+(K13/20)*M13 -> 0.64722284 | O13: =0.881290899-N13 -> 0.23406806
... A20: =ROW()-1 -> 19 | B20: 4.5 | C20: =B21 -> 4.6 | D20: =(B20+C20)/2 -> 4.55 | E20: =COUNTIF($B$2:$B$21,"<="&D20) -> 19 | F20: =COUNTIFS($B$2:$B$21,"<="&D20,$H$2:$H$21,"Layak Jual") -> 13 | G20: =COUNTIFS($B$2:$B$21,"<="&D20,$H$2:$H$21,"Tidak Layak Jual") -> 6 | H20: Layak Jual | I20: =14-F20 -> 1 | J20: =6-G20 -> 0 | K20: =20-E20 -> 1 | L20: =IF(E20=0,0,IF(F20=0,0,-F20/E20*LOG(F20/E20,2))+IF(G20=0,0,-G20/E20*LOG(G20/E20,2))) -> 0.89974376 | M20: =IF(K20=0,0,IF(I20=0,0,-I20/K20*LOG(I20/K20,2))+IF(J20=0,0,-J20/K20*LOG(J20/K20,2))) -> 0 | N20: =(E20/20)*L20+(K20/20)*M20 -> 0.85475657 | O20: =0.881290899-N20 -> 0.026534328
A21: =ROW()-1 -> 20 | B21: 4.6

Sheet Entropy Kondisi Cangkang + Gain
A1: Kondi Cangkang | B1: Jumlah | C1: Layak Jual | D1: Tidak Layak Jual | E1: entropy
A2: Normal | B2: =COUNTIF(Dataset!$D$2:$D$21,A2) -> 12 | C2: =COUNTIFS(Dataset!$D$2:$D$21,A2,Dataset!$F$2:$F$21,"Layak Jual") -> 11 | D2: =COUNTIFS(Dataset!$D$2:$D$21,A2,Dataset!$F$2:$F$21,"Tidak Layak Jual") -> 1 | E2: =-(IF(C2=0,0,C2/B2*LOG(C2/B2,2))+IF(D2=0,0,D2/B2*LOG(D2/B2,2))) -> 0.41381685
A3: Retak | B3: =COUNTIF(Dataset!$D$2:$D$21,A3) -> 8 | C3: =COUNTIFS(Dataset!$D$2:$D$21,A3,Dataset!$F$2:$F$21,"Layak Jual") -> 3 | D3: =COUNTIFS(Dataset!$D$2:$D$21,A3,Dataset!$F$2:$F$21,"Tidak Layak Jual") -> 5 | E3: =-(IF(C3=0,0,C3/B3*LOG(C3/B3,2))+IF(D3=0,0,D3/B3*LOG(D3/B3,2))) -> 0.954434
A4: Total | B4: =SUM(B2:B3) -> 20 | C4: =SUM(C2:C3) -> 14 | D4: =SUM(D2:D3) -> 6
A6: Perhitungan | B6: Hasil
A7: entropy Tertimbang | B7: =(B2/$B$4)*E2+(B3/$B$4)*E3 -> 0.63006371
A8: Gain Kondisi Cangkang | B8: =0.881290899-B7 -> 0.25122719

Sheet Warna Cangkang + Gain
A1: warna cangkang | B1: Jumlah | C1: Layak Jual | D1: Tidak Layak Jual | E1: Proporsi | F1: Entropy | G1: Entropy tertimbang | H1: Gain
A2: Cokelat Tua | B2: 10 | C2: 10 | D2: 0 | E2: =B2/$B$4 -> 0.5 | F2: =-(C2/B2)*LOG(C2/B2,2)-IF(D2=0,0,(D2/B2)*LOG(D2/B2,2)) -> 0 | G2: =E2*F2 -> 0
A3: Cokelat Muda | B3: 10 | C3: 4 | D3: 6 | E3: =B3/$B$4 -> 0.5 | F3: =-(C3/B3)*LOG(C3/B3,2)-IF(D3=0,0,(D3/B3)*LOG(D3/B3,2)) -> 0.97095059 | G3: =E3*F3 -> 0.4854753
A4: Total | B4: 20 | C4: 14 | D4: 6 | E4: =B4/$B$4 -> 1 | F4: =-(C4/B4)*LOG(C4/B4,2)-IF(D4=0,0,(D4/B4)*LOG(D4/B4,2)) -> 0.8812909 | G4: =SUM(G2:G3) -> 0.4854753 | H4: =F4-G4 -> 0.3958156

Sheet Rekap Gain
A1: Atribut | B1: Gain Tertinggi | C1: Threshold/Kategori Terbaik
A2: Berat | B2: 0.881291 | C2: 53 gram
A3: Diameter | B3: 0.674205 | C3: 3,85 cm
A4: Kondisi Cangkang | B4: 0.32489
A5: Warna Cangkang | B5: 0.395816
A7: Tentukan Gain Terbesar: 0,881291 > 0,674205 > 0,395816 > 0,324890
A8: Maka Root Node C4.5: BERAT dengan Threshold 53 gram

Sheet Pohon Keputusan
A1: Node | B1: Kondisi | C1: Jumlah Data | D1: Layak Jual | E1: Tidak Layak Jual | F1: Entropy | G1: Keputusan
A2: Root | B2: Semua Data | C2: 20 | D2: 14 | E2: 6 | F2: 0.881291 | G2: Split Berat
A3: Cabang 1 | B3: Berat ≤ 53 gram | C3: 6 | D3: 0 | E3: 6 | F3: 0 | G3: Tidak Layak Jual
A4: Cabnag 2 | B4: Berat > 53 gram | C4: 14 | D4: 14 | E4: 0 | F4: 0 | G4: Layak Jual

Sheet Rule C4.5
A1: No | B1: kondisi | C1: Hasil
A2: 1 | B2: Berat ≤ 53 gram | C2: Tidak Layak Jual
A3: 2 | B3: Berat > 53 gram | C3: Layak Jual

Sheet Pengujian C45 Confusion Matrix
A1: ID Telur | B1: Berat | C1: Label Aktual | D1: Prediksi C4.5 | E1: Keterangan
A2: TLR-20260421-001 | B2: 62.5 | C2: Layak Jual | D2: =IF(B2<=53,"Tidak Layak Jual","Layak Jual") -> Layak Jual | E2: =IF(C2=D2,"Benar","Salah") -> Benar
A3: TLR-20260421-002 | B3: 64 | C3: Layak Jual | D3: =IF(B3<=53,"Tidak Layak Jual","Layak Jual") -> Layak Jual | E3: =IF(C3=D3,"Benar","Salah") -> Benar
A4: TLR-20260421-003 | B4: 58 | C4: Layak Jual | D4: =IF(B4<=53,"Tidak Layak Jual","Layak Jual") -> Layak Jual | E4: =IF(C4=D4,"Benar","Salah") -> Benar
A5: TLR-20260421-004 | B5: 60.2 | C5: Layak Jual | D5: =IF(B5<=53,"Tidak Layak Jual","Layak Jual") -> Layak Jual | E5: =IF(C5=D5,"Benar","Salah") -> Benar
A6: TLR-20260421-005 | B6: 61.5 | C6: Layak Jual | D6: =IF(B6<=53,"Tidak Layak Jual","Layak Jual") -> Layak Jual | E6: =IF(C6=D6,"Benar","Salah") -> Benar
A7: TLR-20260421-006 | B7: 59 | C7: Layak Jual | D7: =IF(B7<=53,"Tidak Layak Jual","Layak Jual") -> Layak Jual | E7: =IF(C7=D7,"Benar","Salah") -> Benar
A8: TLR-20260421-007 | B8: 63.1 | C8: Layak Jual | D8: =IF(B8<=53,"Tidak Layak Jual","Layak Jual") -> Layak Jual | E8: =IF(C8=D8,"Benar","Salah") -> Benar
A9: TLR-20260421-008 | B9: 65.2 | C9: Layak Jual | D9: =IF(B9<=53,"Tidak Layak Jual","Layak Jual") -> Layak Jual | E9: =IF(C9=D9,"Benar","Salah") -> Benar
A10: TLR-20260421-009 | B10: 57.5 | C10: Layak Jual | D10: =IF(B10<=53,"Tidak Layak Jual","Layak Jual") -> Layak Jual | E10: =IF(C10=D10,"Benar","Salah") -> Benar
A11: TLR-20260421-010 | B11: 56 | C11: Layak Jual | D11: =IF(B11<=53,"Tidak Layak Jual","Layak Jual") -> Layak Jual | E11: =IF(C11=D11,"Benar","Salah") -> Benar
A12: TLR-20260421-011 | B12: 60 | C12: Layak Jual | D12: =IF(B12<=53,"Tidak Layak Jual","Layak Jual") -> Layak Jual | E12: =IF(C12=D12,"Benar","Salah") -> Benar
A13: TLR-20260421-012 | B13: 45.2 | C13: Tidak Layak Jual | D13: =IF(B13<=53,"Tidak Layak Jual","Layak Jual") -> Tidak Layak Jual | E13: =IF(C13=D13,"Benar","Salah") -> Benar
... A21: TLR-20260421-020 | B21: 50.2 | C21: Tidak Layak Jual | D21: =IF(B21<=53,"Tidak Layak Jual","Layak Jual") -> Tidak Layak Jual | E21: =IF(C21=D21,"Benar","Salah") -> Benar
A24: Komponen | B24: Jumlah
A25: TP | B25: =COUNTIFS(C2:C21,"Layak Jual",D2:D21,"Layak Jual") -> 14
A26: FN | B26: =COUNTIFS(C2:C21,"Layak Jual",D2:D21,"Tidak Layak Jual") -> 0
A27: FP | B27: =COUNTIFS(C2:C21,"Tidak Layak Jual",D2:D21,"Layak Jual") -> 0
A28: TN | B28: =COUNTIFS(C2:C21,"Tidak Layak Jual",D2:D21,"Tidak Layak Jual") -> 6 | C28: Total = 14 + 0 + 0 +6 = 20
A30: TP = Aktual Layak Jual, Prediksi Layak Jual
A31: FN = Aktual Layak Jual, Prediksi Tidak Layak Jual
A32: FP = Aktual Tidak Layak Jual, Prediksi Layak Jual
A33: TN = Aktual Tidak Layak Jual, Prediski Tidak Layak Jual
A35: Metrik Evaluasi | B35: Rumus | C35: Hasil
A36: Accuracy | B36: (TP + TN) / (TP + TN + FP + FN) × 100% | C36: =(14+6)/(14+0+0+6)*100 -> 100
A37: Precision | B37: TP / (TP + FP) × 100% | C37: =14/(14+0)*100 -> 100
A38: Recall | B38: TP / (TP + FN) × 100% | C38: =14/(14+0)*100 -> 100
A39: F1-Score | B39: 2 × (Precision × Recall) / (Precision + Recall) × 100% | C39: =2*((14/(14+0))*(14/(14+0)))/((14/(14+0))+(14/(14+0)))*100 -> 100
